{
    "rmse": 0.7539581587870758,
    "mae": 0.6172515939982876,
    "r2": 0.14188502012193882
}