{
    "rmse": 0.7656899527931946,
    "mae": 0.6239580067084954,
    "r2": 0.12028418931313456
}