{
    "rmse": 0.651814295602991,
    "mae": 0.5159935813567536,
    "r2": 0.29153526120219975
}